"entry","content_default"
"1","You should select a character or a creature."
"2","You should select a creature."
"3","[SERVER] {}"
"4","|cffff0000[Event Message]: {}|r"
"5","There is no help for that command"
"6","Command '{}' does not exist"
"7","Subcommand '{}{}{}' is ambiguous:"
"8","Possible subcommands:"
"9","Commands available to you:"
"10","Incorrect syntax."
"11","Your account level is: {}"
"12","Active connections: {} (max: {}) Queued connections: {} (max: {})"
"13","Server uptime: {}"
"14","Player saved."
"15","All players saved."
"16","There are the following active GMs on this server:"
"17","There are no GMs currently logged in on this server."
"18","Cannot do that while flying."
"19","Update time diff: {}."
"20","Time left until shutdown/restart: {}"
"21","{} is flying command failed."
"22","You are not mounted so you can't dismount."
"23","Cannot do that while fighting."
"24","You used it recently."
"25","Password not changed (unknown error)!"
"26","The password was changed"
"27","The old password is wrong"
"28","Your account is now locked."
"29","Your account is now unlocked."
"30",", rank "
"31"," [known]"
"32"," [learn]"
"33"," [passive]"
"34"," [talent]"
"35"," [active]"
"36"," [complete]"
"37"," (offline)"
"38","on"
"39","off"
"40","You are: {}"
"41","visible"
"42","invisible"
"43","done"
"44","You"
"45"," <unknown> "
"46","<error>"
"47","<non-existing character>"
"48","UNKNOWN"
"49","You must be at least level {} to enter."
"50","You must be at least level {} and have item {} to enter."
"51","Hello! Ready for some training?"
"52","Invalid item count ({}) for item {}"
"53","Mail can't have more {} item stacks"
"54","The new passwords do not match"
"56","Current Message of the day:"
"57","Using World DB: {}"
"58","Using script library: {}"
"59","Using creature EventAI: {}"
"60","Online players: {} (max: {})"
"61","Up to {} expansion allowed now."
"62","One on more parameters have incorrect values"
"63","Wrong parameter id: {}, does not exist"
"64","Wrong parameter realmId: {}"
"65","Account {} ({}) granted permissions:"
"66","Account {} ({}) denied permissions:"
"67","Account {} ({}) inherited permissions by sec level {} ({}):"
"68","Permissions:"
"69","Linked permissions:"
"70","Empty List"
"71","- {} ({})"
"72","Could not grant permission {} ({}) realmId {}. Account {} ({}) already has that permission"
"73","Could not grant permission {} ({}) realmId {}. Account {} ({}) has that permission in deny list"
"74","Granted permission {} ({}) realmId {} to account {} ({})"
"75","Could not deny permission {} ({}) realmId {}. Account {} ({}) already has that permission"
"76","Could not deny permission {} ({}) realmId {}. Account {} ({}) has that permission in grant list"
"77","Denied permission {} ({}) realmId {} to account {} ({})"
"78","Revoked permission {} ({}) realmId {} to account {} ({})"
"79","Could not revoke permission {} ({}) realmId {}. Account {} ({}) does not have that permission"
"80","BattleGround victories in the last 7 days
Alliance: {}
Horde: {}"
"81","BattleGround scores storing is disabled!"
"82","{}: {}"
"83","Syntax: .rbac account list $account
List granted, denied, and inherited permissions for the account."
"84","Syntax: .rbac account grant $account $permissionId [$realmId]
Grant a permission to the account. Optional realmId (-1 = all realms)."
"85","Syntax: .rbac account deny $account $permissionId [$realmId]
Deny a permission for the account. Optional realmId (-1 = all realms)."
"86","Syntax: .rbac account revoke $account $permissionId [$realmId]
Revoke a previously granted or denied permission. Optional realmId (-1 = all realms)."
"87","UNKNOWN_ERROR"
"88","Two-factor authentication commands are not properly setup."
"89","Two-factor authentication is already enabled for this account."
"90","Invalid two-factor authentication token specified."
"91","In order to complete setup, you'll need to set up the device you'll be using as your second factor.
Your 2FA key: {}
Once you have set up your device, confirm by running .account 2fa setup <token> with the generated token."
"92","Two-factor authentication has been successfully set up."
"93","Two-factor authentication is not enabled for this account."
"94","To remove two-factor authentication, please specify a fresh two-factor token from your authentication device."
"95","Two-factor authentication has been successfully disabled."
"96","The guild name '{}' is already taken"
"97","Changed guild name '{}' to '{}'"
"98","'{}' already exists as character name, choose another one"
"99","Player '{}' forced rename to '{}'"
"100","Global notify: "
"101","Map: {} ({}) Zone: {} ({}) Area: {} ({}) Phase: {}
X: {} Y: {} Z: {} Orientation: {}
grid[{},{}]cell[{},{}] InstanceID: {}
 ZoneX: {} ZoneY: {}
GroundZ: {} FloorZ: {} Have height data (Map: {} VMap: {} MMap: {})"
"102","{} is already being teleported."
"103","You can summon a player to your instance only if he is in your party with you as leader."
"104","You cannot go to the player's instance because you are in a party now."
"105","You can go to the player's instance while not being in his party only if your GM mode is on."
"106","You can not go to player {} from instance to instance."
"107","You can not summon player {} from instance to instance."
"108","You are summoning {}{}."
"109","You are being summoned by {}."
"110","You are teleporting {}{} to {}."
"111","You are being teleported by {}."
"112","Player ({}) does not exist."
"113","Appearing at {}'s location."
"114","{} is appearing to your location."
"115","Incorrect values."
"116","No character selected."
"117","{} is not in a group."
"118","You changed HP of {} to {}/{}."
"119","{} changed your HP to {}/{}."
"120","You changed MANA of {} to {}/{}."
"121","{} changed your MANA to {}/{}."
"122","You changed ENERGY of {} to {}/{}."
"123","{} changed your ENERGY to {}/{}."
"124","Current energy: {}"
"125","You changed rage of {} to {}/{}."
"126","{} changed your rage to {}/{}."
"127","You changed level of {} to {}."
"128","GUID {}, faction is {}, flags is {}, npcflag is {}, DY flag is {}"
"129","Wrong faction: {} (not found in factiontemplate.dbc)."
"130","You changed GUID={} 's Faction to {}, flags to {}, npcflag to {}, dyflag to {}."
"131","You changed the spellflatid={}, val= {}, mark ={} to {}."
"132","{} changed your spellflatid={}, val= {}, mark ={}."
"133","{} has access to all taxi nodes now (until logout)."
"134","{} has no more access to all taxi nodes now (only visited accessible)."
"135","{} has given you access to all taxi nodes (until logout)."
"136","{} has removed access to all taxi nodes (only visited still accessible)."
"137","You set all speeds to {} from normal of {}."
"138","{} set all your speeds to {} from normal."
"139","You set the speed to {} from normal of {}."
"140","{} set your speed to {} from normal."
"141","You set the swim speed to {} from normal of {}."
"142","{} set your swim speed to {} from normal."
"143","You set the backwards run speed to {} from normal of {}."
"144","{} set your backwards run speed to {} from normal."
"145","You set the fly speed to {} from normal of {}."
"146","{} set your fly speed to {} from normal."
"147","You set the size {} of {}."
"148","{} set your size to {}."
"149","There is no such mount."
"150","You give a mount to {}."
"151","{} gave you a mount."
"152","USER1: {}, ADD: {}, DIF: {}
"
"153","You take all copper of {}."
"154","{} took you all of your copper."
"155","You take {} copper from {}."
"156","{} took {} copper from you."
"157","You give {} copper to {}."
"158","{} gave you {} copper."
"159","You hear sound {}."
"160","USER2: {}, ADD: {}, RESULT: {}
"
"161","Removed bit {} in field {}."
"162","Set bit {} in field {}."
"163","Teleport location table is empty!"
"164","Teleport location not found!"
"165","Requires search parameter."
"166","There are no teleport locations matching your request."
"167","This name is reserved, choose another one"
"168","Locations found are:
{}"
"169","Mail sent to {}"
"170","You try to hear sound {} but it doesn't exist."
"171","You can't teleport self to self!"
"172","server console command"
"173","You changed runic power of {} to {}/{}."
"174","{} changed your runic power to {}/{}."
"175","Liquid level: {}, ground: {}, type: {}, flags {}, status: {}."
"176","Invalid gameobject type, must be a destructible building."
"177","Gameobject {} (GUID: {}) damaged {} (actual health: {})."
"178","grid[{},{}]cell[{},{}] InstanceID: {}
 ZoneX: {} ZoneY: {}
GroundZ: {} FloorZ: {} Have height data (Map: {} VMap: {} MMap: {})"
"179","| AccountFlags:"
"186","TransMapID: {} TransOffsetX: {} TransOffsetY: {} TransOffsetZ: {} TransOffsetO: {} (Transport ID: {} {})"
"187","This name is profane, choose another one"
"188","The provided two-factor authentication secret is too long."
"189","The provided two-factor authentication secret is not valid."
"190","Successfully enabled two-factor authentication for '{}' with the specified secret."
"191","|- {}"
"192","|- {} ..."
"193","Subcommand '{}{}{}' does not exist."
"194","Command '{}' is ambiguous:"
"195","### USAGE: .{} ..."
"196","There is no detailed usage information associated with '{}'.
This should never occur for stock AzerothCore commands - if it does, report this as a bug."
"197","Recover id: {} | Item: {} ({}) | Count: {}"
"198","Player has no recoverable items"
"199","Player has no recoverable item with id {}"
"200","No selection."
"201","Object GUID is: {}"
"202","The name was too long by {} characters."
"203","Error, name can only contain characters A-Z and a-z."
"204","The subname was too long by {} characters."
"205","Not yet implemented"
"206","Item '{}' '{}' added to list with maxcount '{}' and incrtime '{}' and extendedcost '{}'"
"207","Item '{}' not found in database."
"208","Item '{}' '{}' deleted from vendor list"
"209","Item '{}' not found in vendor list."
"210","Item '{}' (with extended cost {}) already in vendor list."
"211","Spells of {} reset."
"212","Spells of {} will reset at next login."
"213","Talents of {} reset."
"214","Talents of {} will reset at next login."
"215","Your spells have been reset."
"216","Your talents have been reset."
"217","Unknown case '{}' for .resetall command. Type full correct case name."
"218","Spells will reset for all players at login. Strongly recommend re-login!"
"219","Talents will reset for all players at login. Strongly recommend re-login!"
"220","Creature (GUID: {}) No waypoint found."
"221","Creature (GUID: {}) Last waypoint not found."
"222","Creature (GUID: {}) No waypoint found - used 'wpguid'. Now trying to find it by its position..."
"223","No waypoint information was found for Creature (GUID: {}). Make sure 'wp show on' command was properly executed."
"224","Selected creature is ignored - provided GUID is used"
"225","Creature (GUID: {}) not found"
"226","You must select a visual waypoint."
"227","No visual waypoints found"
"228","Could not create visual waypoint with creatureID: {}"
"229","All visual waypoints removed"
"230","Could not create waypoint-creature with ID: {}"
"231","No GUID provided."
"232","No waypoint number provided."
"233","Argument required for '{}'."
"234","Waypoint {} added to GUID: {}"
"235","Waypoint {} added."
"236","Waypoint changed."
"237","Waypoint {} modified."
"238","WP export successfull."
"239","No waypoints found inside the database."
"240","File imported."
"241","Waypoint removed."
"242","Warning: Could not delete WP from the world with ID: {}"
"243","This happens if the waypoint is too far away from your char."
"244","The WP is deleted from the database, but not from the world here."
"245","They will disappear after a server restart."
"246","Waypoint {}: Info for creature: {}, GUID: {}"
"247","Waittime: {}"
"248","Model {}: {}"
"249","Emote: {}"
"250","Spell: {}"
"251","Text{} (ID: {}): {}"
"252","AIScript: {}"
"253","Forced rename for player {} will be requested at next login."
"254","Forced rename for player {} (GUID #{}) will be requested at next login."
"255","Waypoint-Creature (GUID: {}) Not found"
"256","Could not find NPC..."
"257","Creature movement type set to '{}', waypoints removed (if any)."
"258","Creature movement type set to '{}', waypoints were not removed."
"259","Incorrect value, use on or off"
"260","Value saved."
"261","Value saved, you may need to rejoin or clean your client cache."
"262","Areatrigger ID {} not found!"
"263","Target map or coordinates is invalid (X: {} Y: {} MapId: {})"
"264","Zone coordinates is invalid (X: {} Y: {} AreaId: {})"
"265","Zone {} ({}) is part of instanceable map {} ({})"
"266","Nothing found!"
"267","Object not found!"
"268","Creature not found!"
"269","Warning: Mob found more than once - you will be teleported to the first one found in DB."
"270","Creature Removed"
"271","Creature moved."
"272","Creature (GUID:{}) must be on the same map as player!"
"273","Game Object (GUID: {}) not found"
"274","Game Object (GUID: {}) has references in not found creature {} GO list, can't be deleted."
"275","Game Object (GUID: {}) removed"
"276","Game Object |cffffffff|Hgameobject:{}|h[{}]|h|r (GUID: {}) turned"
"277","Game Object |cffffffff|Hgameobject:{}|h[{}]|h|r (GUID: {}) moved"
"278","You must select a vendor"
"279","You must send id for item"
"280","Vendor has too many items (max 128)"
"281","You can't kick self, logout instead"
"282","Player {} kicked."
"283","{} has disabled {}'s chat for {}, effective at the player's next login. Reason: {}."
"284","Accepting Whisper: {}"
"285","Accepting Whisper: ON"
"286","Accepting Whisper: OFF"
"287","Creature (GUID: {}) not found"
"288","Cannot go to spawn {} as only {} exist"
"289","New ticket from {}"
"290","Ticket of {} (Last updated: {}):
{}"
"291","New ticket show: ON"
"292","New ticket show: OFF"
"293","Ticket {} doesn't exist"
"294","All tickets deleted."
"295","Character {} ticket deleted."
"296","Ticket deleted."
"297","Wander distance changed to: {}"
"298","Spawn time changed to: {}"
"299","The honor of {} was set to {}!"
"300","Your chat has been disabled for {}. By: {}, Reason: {}."
"301","{} has disabled {}'s chat for {}. Reason: {}."
"302","Player's chat is already enabled."
"303","Your chat has been enabled."
"304","You have enabled {}'s chat."
"305","Faction {} ({}) reputation of {} was set to {}!"
"306","The arena points of {} was set to {}!"
"307","No faction found!"
"308","Faction {} unknown!"
"309","Invalid parameter {}"
"310","delta must be between 0 and {} (inclusive)"
"311","{} - |cffffffff|Hfaction:{}|h[{}]|h|r"
"312"," [visible]"
"313"," [at war]"
"314"," [peace forced]"
"315"," [hidden]"
"316"," [invisible forced]"
"317"," [inactive]"
"318","Hated"
"319","Hostile"
"320","Unfriendly"
"321","Neutral"
"322","Friendly"
"323","Honored"
"324","Revered"
"325","Exalted"
"326","Faction {} ({}) can't have reputation."
"327"," [no reputation]"
"328","Characters at account {} (Id: {})"
"329","  {} (GUID {})"
"330","No players found!"
"331","Extended item cost {} not exist"
"332","GM mode is ON"
"333","GM mode is OFF"
"334","GM Chat Badge is ON"
"335","GM Chat Badge is OFF"
"336","You repair all {}'s items."
"337","All your items repaired by {}."
"338","You set waterwalk mode {} for {}."
"339","Your waterwalk mode {} by {}."
"340","{} is now following you."
"341","{} is not following you."
"342","{} is now not following you."
"343","Creature (Entry: {}) cannot be tamed."
"344","You already have pet."
"345","Forced customize for player {} will be requested at next login."
"346","Forced customize for player {} (GUID #{}) will be requested at next login."
"347","TaxiNode ID {} not found!"
"348","Game Object (Entry: {}) have invalid data and can't be spawned"
"349","{} (idx:{}) - |cffffffff|Htitle:{}|h[{} {}]|h|r {} {} "
"350","{} (idx:{}) - [{} {}] {} {} "
"351","No titles found!"
"352","Invalid title id: {}"
"353","Title {} ({}) added to known titles list for player {}."
"354","Title {} ({}) removed from known titles list for player {}."
"355","Title {} ({}) set as current seelcted title for player {}."
"356","Current selected title for player {} reset as not known now."
"357","Cheat Command Status:"
"358","Godmode: {}."
"359","Casttime: {}."
"360","Cooldown: {}."
"361","Power: {}."
"362","Waterwalk: {}."
"363","Player {} cannot whisper you any longer."
"364","Taxinodes: {}."
"365","|cffffffff{}|r equipped items deleted for {}"
"366","|cffffffff{}|r items in equipped bags deleted for {}"
"367","|cffffffff{}|r items in bank deleted for {}"
"368","|cffffffff{}|r keys in keyring deleted for {}"
"369","|cffffffff{}|r currencies deleted for {}"
"370","|cffffffff{}|r items in vendors buyback deleted for {}"
"371","All items were deleted for {} :
|cffffffff{}|r items equipped
|cffffffff{}|r items in bags
|cffffffff{}|r items in bank
|cffffffff{}|r keys in keyring
|cffffffff{}|r currency types
|cffffffff{}|r items in vendor buyback"
"372","All items were deleted for {} (bags included):
|cffffffff{}|r equipped
|cffffffff{}|r items in bags
|cffffffff{}|r items in bank
|cffffffff{}|r keys in keyring
|cffffffff{}|r currency types
|cffffffff{}|r items in vendor buyback
|cffffffff{}|r standard bags
|cffffffff{}|r bank bags"
"373","Target unit does not have aura {}!"
"374","No stack amount specified!"
"375","Spell {} cannot have stacks!"
"400","|cffff0000[System Message]:|rScripts reloaded"
"401","You change security level of account {} to {}."
"402","{} changed your security level to {}."
"403","You have low security level for this."
"404","Creature movement disabled."
"405","Creature movement enabled."
"406","Weather can't be changed for this zone."
"407","Weather system disabled at server."
"408","{} is banned for {}. Reason: {}."
"409","{} is banned permanently. Reason: {}."
"410","{} {} not found"
"411","{} unbanned."
"412","There was an error removing the ban on {}."
"413","Account not exist: {}"
"414","There is no such character. Remember that the names are cAsE SeNSITivE!"
"415","There is no such IP in banlist."
"416","Account {} has never been banned"
"417","Ban history for account {}:"
"418","Ban Date: {} Bantime: {} Still active: {}  Reason: {} Set by: {}"
"419","Inf."
"420","Never"
"421","Yes"
"422","No"
"423","IP: {}
Ban Date: {}
Unban Date: {}
Remaining: {}
Reason: {}
Set by: {}"
"424","There is no matching IPban."
"425","There is no matching account."
"426","There is no banned account owning a character matching this part."
"427","The following IPs match your pattern:"
"428","The following accounts match your query:"
"429","You learned many spells/skills."
"430","You learned all spells for class."
"431","You learned all talents for class."
"432","You learned all languages."
"433","You learned all craft skills and recipes."
"434","Could not find '{}'"
"435","Invalid item id: {}"
"436","No items found!"
"437","Invalid gameobject id: {}"
"438","Found items {}: {} ( inventory {} mail {} auction {} guild {})"
"439","Found gameobjects {}: {} "
"440","Invalid creature id: {}"
"441","Found creatures {}: {} "
"442","No area found!"
"443","No item sets found!"
"444","No skills found!"
"445","No spells found!"
"446","No quests found!"
"447","No creatures found!"
"448","No gameobjects found!"
"449","Graveyard #{} doesn't exist."
"450","Graveyard #{} already linked to zone #{} (current)."
"451","Graveyard #{} linked to zone #{} (current)."
"452","Graveyard #{} can't be linked to subzone or not existed zone #{} (internal error)."
"453","Ban time remaining: {}, Banned by: {}, Reason: {}"
"454","No faction in Graveyard with id= #{} , fix your DB"
"455","invalid team, please fix database"
"456","any"
"457","alliance"
"458","horde"
"459","Graveyard #{} (faction: {}) is nearest from linked to zone #{}."
"460","Zone #{} doesn't have linked graveyards."
"461","Zone #{} doesn't have linked graveyards for faction: {}."
"462","Teleport location already exists!"
"463","Teleport location added."
"464","Teleport location NOT added: database error."
"465","Teleport location deleted."
"466","No taxinodes found!"
"467","Target unit has {} auras:"
"468","id: {} {} effmask: {} charges: {} stack: {} slot {} duration: {} maxduration: {} {} {} caster: {} guid: {}"
"469","Target unit has {} auras of type {}:"
"470","id: {} eff: {} amount: {}"
"471","Quest {} not found."
"472","Quest {} started from item. For correct work, please, add item to inventory and start quest in normal way: .additem {}"
"473","Quest {} ({}) removed."
"474","Quest {} ({}) rewarded."
"475","Quest {} ({}) completed."
"476","Quest {} ({}) is already active."
"477","{}'s Fly Mode {}"
"478","Opcode {} sent to {}"
"479","Character loaded successfully!"
"480","Failed to load the character!"
"481","Character dumped successfully!"
"482","Character dump failed!"
"483","Spell {} broken and not allowed to cast or learn!"
"484","Skill {} ({}) for player {} set to {} and current maximum set to {} (without permanent (talent) bonuses)."
"485","Player {} must have skill {} ({}) before using this command."
"486","Invalid skill id ({})"
"487","You learned default GM spells/skills."
"488","You already know that spell."
"489","Target({}) already know that spell."
"490","{} doesn't know that spell."
"491","You already forgot that spell."
"492","All spell cooldowns removed for {}."
"493","Spell {} cooldown removed for {}."
"494","Command : Additem, itemId = {}, amount = {}"
"495","Command : Additemset, itemsetId = {}"
"496","Removed itemID = {}, amount = {} from {}"
"497","Cannot create item '{}' (amount: {})"
"498","You need to provide a guild name!"
"499","Player not found!"
"500","Player already has a guild!"
"501","Guild not created! (already exists?)"
"502","No items from itemset '{}' found."
"503","The distance is: (3D) {} (2D) {} (Exact 3D) {} (Exact 2D) {} yards."
"504","Item '{}' '{}' Item Slot {}"
"505","Item '{}' doesn't exist."
"506","Item '{}' '{}' Added to Slot {}"
"507","Item save failed!"
"508","{} - owner: {} (guid: {} account: {} ) {}"
"509","{} - sender: {} (guid: {} account: {} ) receiver: {} (guid: {} account: {} ) {}"
"510","{} - owner: {} (guid: {} account: {} ) {}"
"511","Wrong link type!"
"512","{} - |c{}|Hitem:{}:0:0:0:0:0:0:0:0|h[{}]|h|r "
"513","{} - |cffffffff|Hquest:{}:{}|h[{}]|h|r {}"
"514","{} - |cffffffff|Hcreature_entry:{}|h[{}]|h|r "
"515","{} - (entry: {}) |cffffffff|Hcreature:{}|h[{} X:{} Y:{} Z:{} MapId:{}]|h|r"
"516","{} - |cffffffff|Hgameobject_entry:{}|h[{}]|h|r "
"517","{} (Entry: {}) - |cffffffff|Hgameobject:{}|h[{} X:{} Y:{} Z:{} MapId:{}]|h|r "
"518","{} - |cffffffff|Hitemset:{}|h[{} {}]|h|r "
"519","|cffffffff|Htele:{}|h[{}]|h|r "
"520","{} - |cffffffff|Hspell:{}|h[{}]|h|r "
"521","{} - |cffffffff|Hskill:{}|h[{} {}]|h|r {} {}"
"522","Game Object (Entry: {}) not found"
"523",">> Game Object {} (GUID: {}) at {} {} {}. Orientation {}."
"524","Selected object:
|cffffffff|Hgameobject:{}|h[{}]|h|r GUID: {} ID: {}
X: {} Y: {} Z: {} MapId: {}
Orientation: {}
Phasemask {}"
"525",">> Add Game Object '{}' ({}) (GUID: {}) added at '{} {} {}'."
"526","{} (lowguid: {}) movement generators stack:"
"527","   Idle"
"528","   Random"
"529","   Waypoint"
"530","   Animal random"
"531","   Confused"
"532","   Targeted to player {} (lowguid {})"
"533","   Targeted to creature {} (lowguid {})"
"534","   Targeted to <NULL>"
"535","   Home movement to (X:{} Y:{} Z:{})"
"536","   Home movement used for player?!?"
"537","   Taxi flight"
"538","   Unknown movement generator ({})"
"539","Player selected NPC
DB GUID: {}, current GUID: {}.
Current Entry: {} of ({}, {}, {}).
DisplayID: {} (Native: {}).
Faction: {}.
npcFlags: {}."
"540","Level: {}."
"541","Health (base): {}. (max): {}. (current): {}."
"542","Unit Flags: {}.
Unit Flags 2: {}.
Dynamic Flags: {}.
Faction Template: {}."
"543","Loot: {} Pickpocket: {} Skinning: {}"
"544","Position: {} {} {}."
"545","* is vendor ({})"
"546","* is trainer ({})"
"547","InstanceID: {}"
"548","Player{} {} (guid: {}) Account: {} (id: {}) Email: {} GMLevel: {} Last IP: {} Last login: {} Latency: {}ms"
"549","Race: {} Class: {} Played time: {} Level: {} Money: {}g{}s{}c"
"550","Mute time remaining: {}, By: {}, Reason: {}"
"551","{} has explored all zones now."
"552","{} has no more explored zones."
"553","{} has explored all zones for you."
"554","{} has hidden all zones from you."
"555","SetData performed on [GUID: {}, entry: {}, name: {}] Field: {}, Data: {}, with {}"
"556","Found near creatures (distance {}): {} "
"557","{} level up you to ({})"
"558","{} level down you to ({})"
"559","{} reset your level progress."
"560","The area has been set as explored."
"561","The area has been set as not explored."
"562","GUID={} 's updateIndex: {}, value:  {}."
"563","You change GUID={} 's UpdateIndex: {} value to {}."
"564","The value index {} is too big to {}(count: {})."
"565","Set {} uint32 Value:[OPCODE]:{} [VALUE]:{}"
"566","You Set {} Field:{} to uint32 Value: {}"
"567","Set {} float Value:[OPCODE]:{} [VALUE]:{}"
"568","You Set {} Field:{} to float Value: {}"
"569","Get {} uint32 Value:[OPCODE]:{} [VALUE]:{}"
"570","The uint32 value of {} in {} is: {}"
"571","Get {} float Value:[OPCODE]:{} [VALUE]:{}"
"572","The float of {} value in {} is: {}"
"573",".Set32Bit:[OPCODE]:{} [VALUE]:{}"
"574","You set Bit of Field:{} to Value: {}"
"575",".Mod32Value:[OPCODE]:{} [VALUE]:{}"
"576","You modified the value of Field:{} to Value: {}"
"577","You are now invisible."
"578","You are now visible."
"579","Selected player or creature not have victim."
"580","Player {} learned all default spells for race/class and completed quests rewarded spells."
"581","Found near gameobjects (distance {}): {} "
"582","SpawnTime: Full:{} Remain:{}"
"583","{} - |cffffffff|Hgameevent:{}|h[{}]|h|r{}"
"584","No event found!"
"585","Event not exist!"
"586","Event {}: {}{}
Start: {} End: {} Occurence: {} Length: {}
Next state change: {}"
"587","Event {} ({}) is already active!"
"588","Event {} ({}) is not active!"
"589","   Point movement to (X:{} Y:{} Z:{})"
"590","   Fear movement"
"591","   Distract movement"
"592","You have learned all spells in craft: {}"
"593","Currently Banned Accounts:"
"594","|    Account    |   BanDate    |   UnbanDate  |  Banned By    |   Ban Reason  |"
"595","Currently Banned IPs:"
"596","|      IP       |   BanDate    |   UnbanDate  |  Banned By    |   Ban Reason  |"
"597","Current gamemasters:"
"598","|    Account    |  GM  |"
"599","No gamemasters."
"600","Event {} ({}) is started"
"601","Event {} ({}) is stopped"
"602"," [rewarded]"
"603","Do Action performed on [GUID: {}, entry: {}, name: {}] Action: {}"
"705","You must wait {} before speaking again."
"706","This item(s) have problems with equipping/storing in inventory."
"707","{} does not wish to be disturbed: {}"
"708","{} is Away from Keyboard: {}"
"709","Do not Disturb"
"710","Away from Keyboard"
"711","Queue status for {} (Lvl: {} to {})
Queued alliances: {} (Need at least {} more)
Queued hordes: {} (Need at least {} more)"
"712","|cffff0000[BG Queue Announcer]:|r {} -- [{}-{}] [{}/{}]|r"
"713","Queue status for {} (skirmish {}) (Lvl: {} to {})
Queued: {} (Need at least {} more)"
"714","Map: {}, Area: {}, Zone: {}, Phase: {}"
"715","You don't meet Battleground level requirements"
"716","Map: {}, Area: {}"
"717","|cffff0000[BG Queue Announcer]:|r {} -- [{}-{}] Started!|r"
"718","|cffff0000[Arena Queue Announcer]:|r {} -- Joined : {}x{} : {}|r"
"719","|cffff0000[Arena Queue Announcer]:|r {} -- Exited : {}x{} : {}|r"
"720","Your group is too large for this battleground. Please regroup to join."
"721","Your group is too large for this arena. Please regroup to join."
"722","Your group has members not in your arena team. Please regroup to join."
"723","Your group does not have enough players to join this match."
"726","|cffff0000[Arena Queue]:|r {} (skirmish {}) -- [{}-{}] [{}/{}]|r"
"727","Your group has an offline member. Please remove him before joining."
"728","Your group has players from the opposing faction. You can't join the battleground as a group."
"729","Your group has players from different battleground brakets. You can't join as group."
"730","Someone in your party is already in this battleground queue. (S)he must leave it before joining as group."
"731","Someone in your party is Deserter. You can't join as group."
"732","Someone in your party is already in three battleground queues. You cannot join as group."
"733","You cannot teleport to a battleground or arena map."
"734","You cannot summon players to a battleground or arena map."
"735","You must be in GM mode to teleport to a player in a battleground."
"736","You cannot teleport to a battleground from another battleground. Please leave the current battleground first."
"737","Arenas are set to 1v1 for debugging. So, don't join as group."
"738","Arenas are set to normal playercount."
"739","Battlegrounds are set to 1v0 for debugging."
"740","Battlegrounds are set to normal playercount."
"741","Flushing Arena points based on team ratings, this may take a few minutes. Please stand by..."
"742","Distributing arena points to players..."
"743","Finished setting arena points for online players."
"744","Modifying played count, arena points etc. for loaded arena teams, sending updated stats to online players..."
"745","Modification done."
"746","Done flushing Arena points."
"747","This Battleground has been disabled. You can't join the queue."
"748","Arenas have been disabled. You can't join the queue."
"749","¦ OS: {} - Latency: {} ms"
"750","Not enough players. This game will close in {} mins."
"751","Not enough players. This game will close in {} seconds."
"752","¦ Last IP: {} (Locked: {})"
"773","|cffff0000[Arena Queue Announcer]:|r {} -- Joined : {}x{}|r"
"774","|cffff0000[Arena Queue Announcer]:|r {} -- Exited : {}x{}|r"
"775","|cffff0000[Arena Queue Announcer]:|r Joined : {}x{} : {}|r"
"776","|cffff0000[Arena Queue Announcer]:|r Exited : {}x{} : {}|r"
"777","|cffff0000[Arena Queue Announcer]:|r Joined : {}x{}|r"
"778","|cffff0000[Arena Queue Announcer]:|r Exited : {}x{}|r"
"785","Arena testing turned {}"
"786","|cffff0000[Automatic]:|r"
"787","|cffffff00[|c1f40af20Announce by|r |cffff0000{}|cffffff00]:|r {}|r"
"800","Invalid name"
"801","You do not have enough gold"
"802","You do not have enough free slots"
"803","Your partner does not have enough free bag slots"
"804","You do not have permission to perform that function"
"805","Unknown language"
"806","You don't know that language"
"807","Please provide character name"
"808","Player {} not found or offline"
"809","Account for character {} not found"
"811","Guild Master"
"812","Officer"
"813","Veteran"
"814","Member"
"815","Initiate"
"816","Warning: You've entered a no-fly zone and are about to be dismounted!"
"817","Entry {} not found in creature_template table."
"818","Entry {} not found in sCreatureStorage. Possible new line in creature_template, but you can not add new creatures without restarting. Only modifing is allowed."
"819","City"
"820","* has gossip ({})"
"821","* is quest giver ({})"
"822","* is class trainer ({})"
"823","* is profession trainer({})"
"824","* is ammo vendor ({})"
"825","* is food vendor({})"
"826","* is poison vendor ({})"
"827","* is reagent vendor ({})"
"828","* can repair ({})"
"829","* is flight master ({})"
"830","* is spirit healer ({})"
"831","* is spirit guide ({})"
"832","* is innkeeper ({})"
"833","* is banker ({})"
"834","* is petitioner ({})"
"835","* is tabard designer ({})"
"836","* is battle master ({})"
"837","* is auctioneer ({})"
"838","* is stable master ({})"
"839","* is guild banker ({})"
"840","* has spell click ({})"
"841","* is mailbox ({})"
"842","* is player vehicle ({})"
"843","¦ Level: {} ({}/{} XP ({} XP left))"
"844","¦ Race: {} {}, {}"
"845","¦ Alive ?: {}"
"846","¦ Phase: {}"
"847","¦ Money: {}g{}s{}c"
"848","¦ Map: {}, Zone: {}"
"849","¦ Guild: {} (ID: {})"
"850","├─ Rank: {}"
"851","├─ Note: {}"
"852","├─ O. Note: {}"
"853","¦ Played time: {}"
"854","¦ Mails: {} Read/{} Total"
"855","Male"
"856","Female"
"857","Arena team [{}] not found"
"858","There is already an arena team named ""{}"""
"859","{} is already in an arena team of that size"
"860","Arena Team In Combat"
"861","Arena with name: ""{}"" or silmilar not found"
"862","[{}] not member of the team ""{}"""
"863","[{}] already capitan in the team ""{}"""
"864","New ArenaTeam created [Name: ""{}""][Id: {}][Type: {}][Captain GUID: {}]"
"865","Arena team Name: ""{}""[Id: {}] disbanded"
"866","Arena team [Id: {}] change from ""{}"" to ""{}"""
"867","Arena team Name: ""{}""[Id: {}] change capitan from[{}] to [{}]"
"868","Arena team: ""{}""[{}] - Rating: {} - Type: {}x{}"
"869","Name:""{}""[guid:{}] - PR: {} - {}"
"870","|""{}""[ID:{}]({}x{})|"
"871","¦ Level: {}"
"872","Entered email is not equal to registration email, check input"
"873","The new emails do not match"
"874","The email was changed"
"875","Your email can't be longer than 255 characters, email not changed!"
"876","Email not changed (unknown error)!"
"877","Email change unnecessary, new email is equal to old email"
"878","Your email is: {}"
"879","¦ Registration Email: {} - Email: {}"
"880","Security Level: {}"
"881","You require an email to change your password."
"882","To enter, you must complete the following quest(s):"
"883","To enter, you must complete the following achievement(s):"
"884","To enter, you must have the following item(s) in your inventory:"
"885","- Note:"
"886","You cannot enter. Access requirements not met."
"887","To be able to enter, your equipment's average item level must be superior or equal to {}. Your current equipment's average ilevel is: {}."
"888","You must be below level {} to enter."
"889","To enter, the group leader ({}) must have completed the following quest(s):"
"890","To enter, the group leader ({}) must have completed the following achievement(s):"
"891","To enter, the group leader ({}) must have the following item(s) in his/her inventory:"
"1000","Exiting daemon..."
"1001","Account deleted: {}"
"1002","Account {} NOT deleted (probably sql file format was updated)"
"1003","Account {} NOT deleted (unknown error)"
"1004","Account created: {}"
"1006","Account with this name already exist!"
"1007","Account {} NOT created (probably sql file format was updated)"
"1008","Account {} NOT created (unknown error)"
"1009","Player {} (Guid: {}) Account {} (Id: {}) deleted."
"1010","-[         Account][   Character][             IP][Map][Zone][Exp][GMLev]-"
"1011","|<Error>        | {} |<Error>          |<Er>| <Error>   |"
"1012","-==================================================================-"
"1013","-[{}][{}][{}][{}][{}][{}][{}]-"
"1014","No online players."
"1015","-======================== Characters Online =======================-"
"1016","| GUID       | Name                 | Level | Account                      | Delete Date         |"
"1017","| {} | {} | {} | {} ({}) | {} |"
"1018","=================================================================================================="
"1019","No characters found."
"1020","Restoring the following characters:"
"1021","Deleting the following characters:"
"1022","ERROR: You can only assign a new name if you have only selected a single character!"
"1023","Character '{}' (GUID: {} Account {}) can't be restored: account not exist!"
"1024","Character '{}' (GUID: {} Account {}) can't be restored: account character list full!"
"1025","Character '{}' (GUID: {} Account {}) can't be restored: new name already used!"
"1026","GUID: {} Name: {} Level: {} Account: {} ({}) Date: {}"
"1027","SQL driver query logging enabled."
"1028","SQL driver query logging disabled."
"1031","An account password can NOT be longer than 16 characters (client limit). Account NOT created."
"1100","Account {} (Id: {}) have up to {} expansion allowed now."
"1101","Message of the day in realm {} and locale {} changed to: {}"
"1102","Message sent to {}: {}"
"1103","{} - {} {}"
"1104","{} - {}"
"1105","{} - {}"
"1106","{} - {} {}"
"1107","{} - {}"
"1108","{} - {} {}"
"1109","{} - {} {} {} {}"
"1110","{} - {} X:{} Y:{} Z:{} MapId:{}"
"1111","{} - {} X:{} Y:{} Z:{} MapId:{}"
"1112","Failed to open file: {}"
"1113","Account {} ({}) have max amount allowed characters (client limit)"
"1114","Dump file have broken data!"
"1115","Invalid character name!"
"1116","Invalid character guid!"
"1117","Character guid {} in use!"
"1118","{} - guild: {} (guid: {}) {}"
"1119","You must use male or female as gender."
"1120","You change gender of {} to {}."
"1121","Your gender changed to {} by {}."
"1122","({}/{} +perm {} +temp {})"
"1123","Not pet found"
"1124","Wrong pet type"
"1125","Your pet learned all talents"
"1126","Your pet talents have been reset."
"1127","Talents of {}'s pet reset."
"1128","{} - |cffffffff|Htaxinode:{}|h[{} {}]|h|r (Map:{} X:{} Y:{} Z:{})"
"1129","{} - {} {} (Map:{} X:{} Y:{} Z:{})"
"1130","Can't dump deleted characters,aborting."
"1131","The following characters match your query:"
"1132","Currently Banned Characters:"
"1133","|   Character   |   BanDate    |   UnbanDate  |  Banned By    |   Ban Reason  |"
"1134","Sending tickets is allowed."
"1135","Sending tickets is not allowed."
"1136","Character {} has never been banned!"
"1137","Dev mode is ON"
"1138","Dev mode is OFF"
"1139","   Follow player {} (lowguid {})"
"1140","   Follow creature {} (lowguid {})"
"1141","   Follow <NULL>"
"1142","   Effect movement"
"1143","Target's moveFlags: {}, moveFlagsExtra: {}."
"1144","Target's moveFlags set to: {}, moveFlagsExtra to: {}"
"1145","{} is already in a group!"
"1146","{} joined {}'s group."
"1147","{} is not in a group!"
"1148","Group is full!"
"1149","Group type: {} and consists of {} players."
"1150","Name: {} ({}),

 Zone: {}, Phase: {}, GUID: {}, Flags: {}, Roles: {}"
"1151","Mail List Info: # of mails: {}, Player: {}({})"
"1152","Mail Id: {} Title: ""{}"" Money: {}g{}s{}c"
"1153","Sender: {}({}),

 Receiver: {}({})"
"1154","Time deliver: {}, Time expire: {}"
"1155","Item: {}[Entry:{} Guid:{} Count:{}]"
"1156","Mail List Info: No mail found for this character."
"1157","All configs are reloaded from the configuration file(s)."
"1158","=========================================================="
"1159","|--------------------------------------------------------|"
"1160","|            | Alliance |  Horde   | Neutral  |  Total   |"
"1161","          Alliance/Horde/Neutral/Total"
"1162","| {} | {} | {} | {} | {} |"
"1163","{} = {} / {} / {} / {}"
"1164","Count"
"1165","Item Ratio"
"1166","|            | Alliance |   Horde  | Neutral  |  Amount  |"
"1167","          Alliance/Horde/Neutral/Amount"
"1168","Gray"
"1169","White"
"1170","Green"
"1171","Blue"
"1172","Purple"
"1173","Orange"
"1174","Yellow"
"1175","Amount of {} items is set to {}."
"1176","Items ratio for {} is set to {}."
"1177","Displaying Guild Details for {} (Id: {})"
"1178","| Guild Master: {} (GUID: {})"
"1179","| Guild Creation Date: {}"
"1180","| Guild Members: {}"
"1181","| Guild Bank: {} gold"
"1182","| Guild MOTD: {}"
"1183","| Guild Information: {}"
"1184","| Guild Ranks:"
"1185","| {} - {}"
"1186","Beastmaster mode is {}"
"1200","You try to view cinematic {} but it doesn't exist."
"1201","You try to view movie {} but it doesn't exist."
"1202","Areatrigger debugging turned on."
"1203","Areatrigger debugging turned off."
"1204","You have reached areatrigger {}."
"1331","The Frostwolf General is Dead!"
"1332","The Stormpike General is Dead!"
"1334","Your ticket has been closed."
"1335","You received a ticket response."
"1500","Either:"
"1501","Or:    "
"1502","Value '{}' is not valid for type {}."
"1503","Invalid UTF-8 sequences found in string."
"1504","Provided link has invalid link data."
"1505","Account '{}' does not exist."
"1506","Account ID {} does not exist."
"1507","{} does not exist."
"1508","Character '{}' does not exist."
"1509","'{}' is not a valid character name."
"1510","Achievement ID {} does not exist."
"1511","Teleport location {} does not exist."
"1512","Teleport location '{}' does not exist."
"1513","Item ID {} does not exist."
"1514","Spell ID {} does not exist."
"1515","Expected '{}', got '{}' instead."
"1516","Quest ID {} does not exist"
"2000","|cff00ff00New ticket from|r|cffff00ff {}.|r |cff00ff00Ticket entry:|r|cffff00ff {}.|r"
"2001","|cff00ff00Character|r|cffff00ff {} |r|cff00ff00edited his/her ticket:|r|cffff00ff {}.|r"
"2002","|cff00ff00Character|r|cffff00ff {} |r|cff00ff00abandoned ticket entry:|r|cffff00ff {}.|r"
"2003","|cff00ff00Closed by|r:|cff00ccff {}|r "
"2004","|cff00ff00Deleted by|r:|cff00ccff {}|r "
"2005","Ticket not found."
"2006","Please close ticket before deleting it permanently."
"2007","Ticket {} is already assigned."
"2008","{} Tickets succesfully reloaded from the database."
"2009","Showing list of open tickets."
"2010","Showing list of open tickets whose creator is online."
"2011","Showing list of closed tickets."
"2012","Invalid name specified. Name should be that of an online Gamemaster."
"2013","This ticket is already assigned to yourself. To unassign use .ticket unassign {} and then reassign."
"2014","Ticket {} is not assigned, you cannot unassign it."
"2015","You cannot unassign tickets from staffmembers with a higher security level than yourself."
"2016","Cannot close ticket {}, it is assigned to another GM."
"2017","|cffaaffaaTicket|r:|cffaaccff {}.|r "
"2018","|cff00ff00Created by|r:|cff00ccff {}|r "
"2019","|cff00ff00Last change|r:|cff00ccff {} ago|r "
"2020","|cff00ff00Assigned to|r:|cff00ccff {}|r "
"2021","|cff00ff00Unassigned by|r:|cff00ccff {}|r "
"2022","|cff00ff00Ticket Message|r: [{}]|r"
"2023","|cff00ff00GM Comment|r: [{}]|r"
"2024","|cff00ccff{}|r |cff00ff00Added comment|r: [{}]|r"
"2025","|cff00ff00Created|r:|cff00ccff {} ago|r "
"2027","There are pending open tickets, please close them first!"
"2028","All closed tickets were deleted and counter is reseted to |cffff00ff 1|r"
"2029","|cff00ff00Ticket Response|r: [{}]|r"
"2030","|cff00ff00Completed by|r:|cff00ccff {}|r"
"2031","|cff00ff00Response Appended|r:|cff00ccff [{}]|r"
"2032","|cff00ff00Response deleted by|r:|cff00ccff {}|r"
"5000","You froze player {}."
"5001","It might be amusing but no... you cant freeze yourself!"
"5002","Invalid input check the name of target."
"5003","You unfroze player {}."
"5004","There are no frozen players."
"5005","Following players are frozen on the server:"
"5006","- {}"
"5007","You must be in a raid group to enter this instance."
"5008","This instance is closed."
"5009","Sound {} Played to server"
"5010","linkGUID: {}, Entry: {} ({})"
"5011","You can't teleport self to self!"
"5012","No maps found!"
"5013","[Continent]"
"5014","[Instance]"
"5015","[Battleground]"
"5016","[Arena]"
"5017","[Raid]"
"5020","Phasemask: {}"
"5021","Armor: {}"
"5022","Granting ownership to first person that joins the channel ""{}"": Enabled."
"5023","Granting ownership to first person that joins the channel ""{}"": Disabled."
"5024","Entry: {}"
"5025","Type: {}"
"5026","DisplayID: {}"
"5027","Name: {}"
"5028","Lootid: {}"
"5029","Result limit reached (max results: {})"
"5031","AIName: {} ScriptName: {}"
"5032","No battleground found!"
"5033","No achievement criteria found!"
"5034","No outdoor PvP found!"
"5036","EquipmentId: {} (Original: {})."
"5037","MechanicImmuneMask: {}"
"5038","Unit Flags: {}"
"5039","Console"
"5040","Character"
"5041","Permanently"
"5042","You are outdoors."
"5043","You are indoors."
"5044","no VMAP available for area info"
"5045","Map: {} | ID: {} | perm: {} | extended: {} | diff: {} | canReset: {} | TTR: {}"
"5046","Player binds: {}"
"5047","Group binds: {}"
"5048","Unbinding map: {} inst: {} perm: {} diff: {} canReset: {} TTR: {}"
"5049","Instances unbound: {}"
"5050","Instances loaded: {}"
"5051","Players in instances: {}"
"5052","Instance saves: {}"
"5053","Players bound: {}"
"5054","Groups bound: {}"
"5055","Map is not a dungeon."
"5056","Map has no instance data."
"5057","Boss id {} state is now set to {} ({})."
"5058","Boss id {} ({}) state is {} ({})."
"5059","Mutes for account: {}"
"5060","No mutes for account: {}"
"5061","Mute Date: {} Mutetime: {} mins. Reason: {} Set by: {}"
"5062","SpellSchoolImmuneMask: {}"
"5063","Displaying cached info for character: 
|- Name: {} (Guid: {}) 
|- Account: {} 
|- Class: {} 
|- Race: {} 
|- Gender: {} 
|- Level: {} 
|- Mail Count: {} 
|- Guild: {} 
|- Group ID: {} 
|- ArenaTeam 2x2: {} 
|- ArenaTeam 3x3: {} 
|- ArenaTeam 5x5: {}"
"5064","Cached data for character {} ({}) has been cleared."
"5065","Cached data for character {} ({}) has been refreshed."
"5066","Cache not found for character {}"
"5067","Quest {} ({}) added."
"5068","Quest {} ({}) not found in quest log."
"5069","The quest must be active and complete before rewarding"
"5070","The command is disabled by config"
"5071","The extendedcost entry provided does not exist."
"5072","Refunding {} ({}) would send the target over the honor points limit (limit: {}, current honor: {}, honor to be refunded: {})."
"5073","An attempt of refunding your item {} has failed because it would put you over the honor points limit."
"5074","Item {} ({}) was refunded, restoring {} honor points."
"5075","Refunding {} ({}) would send the target over the arena points limit (limit: {}, current arena points: {}, arena points to be refunded: {})."
"5076","An attempt of refunding your item {} has failed because it would put you over the arena points limit."
"5077","Item {} ({}) was refunded, restoring {} arena points."
"5078","Item not found in the character's inventory (bank included)"
"5079","You must be at least level {} to disable autobroadcast messages."
"5080","You are now receiving global {} messages."
"5081","You will no longer receive global {} messages."
"5082","Incorrect syntax. Specify either 'starter' or 'ender'."
"5083","Character {} ({}) moved from account {} ({}) to account {} ({})."
"5084","Spell cast failed! SpellCastResult returned: {} ({})."
"5085","Object {} (entry :{} guid: {}) respawned!"
"5086","No doors found within range ({} yards)."
"5087","Door {} (Entry: {}) opened!"
"5088","Quest: {} ({}) 
Status: {}"
"5089","Quest {} cannot be taken. Reasons:"
"5090","  - Quest is disabled."
"5091","  - Quest has already been taken or completed."
"5092","  - Class requirement not met."
"5093","  - Race requirement not met."
"5094","  - Player level too low (required: {})."
"5095","  - Player level too high (max: {})."
"5096","  - Skill requirement not met."
"5097","  - Reputation requirement not met."
"5098","  - Previous quest in chain not completed."
"5099","  - Already on a timed quest."
"5100","  - Exclusive group quest conflict."
"5101","  - Next quest in chain already started."
"5102","  - Previous chain quest still active."
"5103","  - Breadcrumb quest conflict."
"5104","  - Daily quest not available today."
"5105","  - Weekly quest already completed this week."
"5106","  - Monthly quest already completed this month."
"5107","  - Seasonal quest already completed this season."
"5108","  - Condition requirements not met:"
"5109","  - Quest log is full."
"5110","    - Condition not met: type {} value1: {} value2: {} value3: {}"
"5118","Honor points have been reset for all players."
"5119","Arena points have been reset for all players."
"5123","  [Q] {}"
"5124","  [I] {} ({}s)"
"5125","  [W] {}"
"6604","You cannot say, yell or emote until you become level {}."
"6605","You cannot whisper until you become level {}."
"6606","You cannot write to channels until you become level {}."
"6607","You cannot use auction until you become level {}."
"6608","You cannot write tickets until you become level {}."
"6609","You cannot trade until you become level {}."
"6610","You cannot trade with characters lower than level {}."
"6611","You cannot send mail until you become level {}."
"6612","You cannot send mail to characters lower than level {}."
"6613","|cfff00000[GM Announcement]: {}|r"
"6614","Notification to GM's - "
"6615","|cffffff00[|c1f40af20GM Announce by|r |cffff0000{}|cffffff00]:|r {}|r"
"6616","Silence is ON for {}"
"6617","GM Spectator is ON"
"6618","GM Spectator is OFF"
"7523","WORLD: Denying connections."
"7524","WORLD: Accepting connections."
"9980","Player name: {}, State: {}, Dungeons: {} ({}),

 Roles: {}, Comment: {}"
"9981","LfgGroup?: {}, State: {}, Dungeon: {}"
"9982","Not in group"
"9983","Queues cleared"
"9984","Lfg options: {}"
"9985","Lfg options changed"
"9986","None"
"9987","Role check"
"9988","Queued"
"9989","Proposal"
"9990","Vote kick"
"9991","In dungeon"
"9992","Finished dungeon"
"9993","Raid browser"
"9994","Tank"
"9995","Healer"
"9996","Dps"
"9997","Leader"
"9998","None"
"9999","Error"
"10001","The Horde has taken The Overlook!"
"10002","The Alliance has taken The Overlook!"
"10003","The Horde has taken The Stadium!"
"10004","The Alliance has taken The Stadium!"
"10005","The Horde has taken Broken Hill!"
"10006","The Alliance has taken Broken Hill!"
"10007","The Horde lost The Overlook!"
"10008","The Alliance lost The Overlook!"
"10009","The Horde lost The Stadium!"
"10010","The Alliance lost The Stadium!"
"10011","The Horde lost Broken Hill!"
"10012","The Alliance lost Broken Hill!"
"10013","The Horde has taken the West Beacon!"
"10014","The Alliance has taken the West Beacon!"
"10015","The Horde has taken the East Beacon!"
"10016","The Alliance has taken the East Beacon!"
"10017","The Horde has captured the Twin Spire Graveyard!"
"10018","The Alliance has captured the Twin Spire Graveyard!"
"10019","The Horde lost the West Beacon!"
"10020","The Alliance lost the West Beacon!"
"10021","The Horde lost the East Beacon!"
"10022","The Alliance lost the East Beacon!"
"10023","The Horde lost the Twin Spire Graveyard!"
"10024","The Alliance lost the Twin Spire Graveyard!"
"10025","The Horde has captured Halaa!"
"10026","The Alliance has captured Halaa!"
"10027","The Horde lost Halaa!"
"10028","The Alliance lost Halaa!"
"10029","The Horde has taken a Spirit Tower!"
"10030","The Alliance has taken a Spirit Tower!"
"10031","The Horde lost a Spirit Tower!"
"10032","The Alliance lost a Spirit Tower!"
"10033","The Horde has taken the Northpass Tower!"
"10034","The Alliance has taken the Northpass Tower!"
"10035","The Horde has taken the Eastwall Tower!"
"10036","The Alliance has taken the Eastwall Tower!"
"10037","The Horde has taken the Crown Guard Tower!"
"10038","The Alliance has taken the Crown Guard Tower!"
"10039","The Horde has taken the Plaguewood Tower!"
"10040","The Alliance has taken the Plaguewood Tower!"
"10041","The Horde lost the Northpass Tower!"
"10042","The Alliance lost the Northpass Tower!"
"10043","The Horde lost the Eastwall Tower!"
"10044","The Alliance lost the Eastwall Tower!"
"10045","The Horde lost the Crown Guard Tower!"
"10046","The Alliance lost the Crown Guard Tower!"
"10047","The Horde lost the Plaguewood Tower!"
"10048","The Alliance lost the Plaguewood Tower!"
"10049","The Horde has collected 200 silithyst!"
"10050","The Alliance has collected 200 silithyst!"
"10051","Take me to Northpass Tower."
"10052","Take me to Eastwall Tower."
"10053","Take me to Crown Guard Tower."
"10054","Give me the flag, I'll take it to the central beacon for the glory of the Alliance!"
"10055","Give me the flag, I'll take it to the central beacon for the glory of the Horde!"
"10056","The battle for Strand of the Ancients begins in 2 minutes."
"10057","The battle for Strand of the Ancients begins in 1 minute."
"10058","The battle for Strand of the Ancients begins in 30 seconds. Prepare yourselves!."
"10059","Let the battle for Strand of the Ancients begin!"
"10060","The {} is under attack!"
"10061","The {} was destroyed!"
"10062","Round 1 -  finished!"
"10063","The Alliance captured the titan portal!"
"10064","The Horde captured the titan portal!"
"10065","Round 2 of the Battle for the Strand of the Ancients begins in 1 minute."
"10066","Round 2 begins in 30 seconds. Prepare yourselves!"
"10067","The chamber has been breached! The titan relic is vulnerable!"
"10068","The Alliance captured the South Graveyard!"
"10069","The Alliance captured the West Graveyard!"
"10070","The Alliance captured the East Graveyard!"
"10071","The Horde captured the South Graveyard!"
"10072","The Horde captured the West Graveyard!"
"10073","The Horde captured the East Graveyard!"
"10074","Halaa is defenseless!"
"11000","|cffffff00[|c00077766Autobroadcast|cffffff00]: |cFFF222FF{}|r"
"11001","You have not chosen -1 or the current realmID that you are on."
"11008","Movement type: {}"
"11009","Flags Extra: {}"
"11010","You didn't get kicked out of the instance even if Player::CheckInstanceLoginValid() returned false and without .gm on flag"
"11011","VisualizeBoundary warning: No interior point of the creature's boundary could be found - check if you have mutually exclusive boundaries!"
"11012","VisualizeBoundary error: Creature movement is unbounded"
"11013","VisualizeBoundary warning: Reached fail-safe flood boundary - check is your boundary is unbounded!"
"11014","You are already locked to {}."
"11015","This creature does not have an active CreatureAI assigned to it."
"11016","Select a player or player pet."
"11019","LFG dungeon cooldowns cleared for all players."
"12050","{} has been captured by {} "
"12051","{} is under attack by {}"
"12052","The Broken Temple siege workshop"
"12053","Eastspark siege workshop"
"12054","Westspark siege workshop"
"12055","The Sunken Ring siege workshop"
"12056","Horde"
"12057","Alliance"
"12058","The battle for Wintergrasp is about to begin!"
"12059","You have reached Rank 1: Corporal"
"12060","You have reached Rank 2: First Lieutenant"
"12061","The south-eastern keep tower"
"12062","The north-eastern keep tower"
"12063","The south-western keep tower"
"12064","The north-western keep tower"
"12065","{} has been damaged !"
"12066","{} has been destroyed!"
"12067","The battle for Wintergrasp begin!"
"12068","{} has successfully defended the Wintergrasp fortress!"
"12069","The southern tower"
"12070","The eastern tower"
"12071","The western tower"
"12072","The Wintergrasp fortress has been captured by {} !"
"20070","Guide me to the Fortress Graveyard."
"20071","Guide me to the Sunken Ring Graveyard."
"20072","Guide me to the Broken Temple Graveyard."
"20073","Guide me to the Westspark Graveyard."
"20074","Guide me to the Eastspark Graveyard."
"20075","Guide me back to the Horde landing camp."
"20076","Guide me back to the Alliance landing camp."
"20077","Queue for Wintergrasp."
"20078","|cffff0000[Wintergrasp]:|r Battle started!|r"
"28634","These tracks must belong to Shango."
"28635","These aren't Shango's tracks."
"30077","Toggle Instant Flight"
"30078","Instant Flight ON"
"30079","Instant Flight OFF"
"30081","{} does not have itemID = {}, thus cannot be removed."
"30082","{} does not have that many of itemID = {}, thus none were removed."
"30083","You cannot share quests while in a Battleground."
"30084","You cannot start a Ready Check while in a Battlground."
"30085","Battleground Debugging is already enabled in the config, thus you are unable to enable/disable it with command."
"30086","Arena Debugging is already enabled in the config, thus you are unable to enable/disable it with command."
"30096","LFG is set to 1 player queue for debugging."
"30097","LFG is set to normal queue."
"30098","LFG Debugging is already enabled in the config, thus you are unable to enable/disable it with command."
"35400","¦ Player {} {} (guid: {})"
"35401","¦ GM Mode active, Phase: -1"
"35402","├─ Banned: (Type: {}, Reason: {}, Time: {}, By: {})"
"35403","├─ Muted: (Reason: {}, Time: {}, By: {})"
"35404","¦ Account: {} (ID: {}),

 GMLevel: {}"
"35405","¦ Last Login: {} (Failed Logins: {})"
"35406","¦ Registration Email: {} - Email: {}"
"35407","No reason given."
"35408","<unauthorized>"
"35409","¦ Map: {}, Zone: {}, Area: {}"
"35411","This server is running the |cff4CFF00IndividualXpRate |rmodule."
"35412","[XP] The Individual XP module is deactivated."
"35413","[XP] Your Individual XP is currently disabled. Use .xp enable to re-enable it."
"35414","|cffffffff[XP] Your current XP rate is {}.|r"
"35415","|cffffffff[XP] The maximum rate limit is {}.|r"
"35416","[XP] The minimum rate limit is 1."
"35417","[XP] You have updated your XP rate to {}."
"35418","[XP] You have disabled your XP gain."
"35419","[XP] You have enabled your XP gain."
"35420","[XP] You have restored your XP rate to the default value of {}."
