"MenuID","OptionID","OptionText","BoxText"
"0","0","GOSSIP_OPTION_QUESTGIVER",""
"0","2","I want to travel fast",""
"0","4","Bring me back to life",""
"0","5","Bring me back to life",""
"0","7","Show me my bank",""
"0","10","I want to join the Battle Ground",""
"0","11","Auction!",""
"0","15","I wish to unlearn my pet's skills",""
"0","17","GOSSIP_OPTION_OUTDOORPVP",""
"85","4","<Take the letter>",""
"141","4","<Take the letter>",""
"161","1","I need another set of thieves' tools.",""
"381","4","<Take the letter>",""
"410","4","<Take the letter>",""
"411","4","<Take the letter>",""
"435","0","The auction house",""
"435","6","The guild master",""
"435","10","The officers' lounge",""
"435","11","The battlemaster",""
"436","4","<Take the letter>",""
"721","2","The guild master",""
"721","4","The mailbox",""
"721","5","The auction house",""
"721","6","The weapon master",""
"721","8","The battlemaster",""
"721","12","The zeppelin master",""
"1041","0","Train me.",""
"1042","0","Train me.",""
"1047","1","Access: Minor Recombobulator",""
"1050","1","Use engineering to access hidden schematics!",""
"1465","0","Train me.",""
"1467","0","Train me.",""
"1468","0","Train me.",""
"1469","0","Train me.",""
"1950","0","Continue...",""
"1951","2","The guild master",""
"1951","4","The mailbox",""
"1951","5","The auction house",""
"1951","6","The zeppelin master",""
"1951","7","The weapon master",""
"1951","9","The officers' lounge",""
"1951","10","The battlemaster",""
"1952","0","Continue...",""
"1953","0","Continue...",""
"1969","0","Where is the zeppelin now?",""
"1971","0","Where is the zeppelin now?",""
"2101","0","Where is the zeppelin now?",""
"2121","0","The auction house",""
"2121","4","The guild master",""
"2121","6","The mailbox",""
"2121","9","The battlemaster",""
"2298","0","I present to you the Libram of Rumination.",""
"2298","1","I present to you the Libram of Constitution.",""
"2298","2","I present to you the Libram of Tenacity.",""
"2298","3","I present to you the Libram of Resilience.",""
"2298","4","I present to you the Libram of Voracity.",""
"2352","0","The auction house",""
"2352","3","The guild master",""
"2352","5","The mailbox",""
"2352","8","The battlemaster",""
"2387","0","Um... sorry to bother you, but could I see Goodsteel's ledger again... if you're not using it.",\N
"2441","0","Where is the zeppelin now?",""
"2741","0","Train me.",""
"2743","0","Train me.",""
"2749","0","Train me.",""
"2784","0","Train me.",""
"2849","0","The auction house",""
"2849","4","The battlemaster",""
"2849","5","The guild master",""
"2849","8","The mailbox",""
"2849","10","The weapon master",""
"2849","11","The zeppelin master",""
"3202","0","Train me.",""
"3203","0","Train me.",""
"3506","2","The guild master",""
"3533","2","The guild master",""
"3580","2","The guild master",""
"3651","0","May I have another Dawn's Gambit, Betina?  I want to test it again...",""
"3651","1","Betina, I'd like a replacement Seal of the Dawn please!",""
"3651","2","Betina, I'd like a replacement Rune of the Dawn please!",""
"3841","0","Where is the zeppelin now?",""
"3842","0","Where is the zeppelin now?",""
"3984","4","<Take the letter>",""
"4004","1","Merideth, could I have some more manna-enriched horse feed please?",""
"4110","0","Train me.",""
"4111","0","Train me.",""
"4117","0","Train me.",""
"4129","0","Train me.",""
"4134","0","Train me.",""
"4135","0","Train me.",""
"4136","0","Train me.",""
"4138","0","Train me.",""
"4156","0","Train me.",""
"4160","0","Train me.",""
"4164","0","Train me.",""
"4170","0","Train me.",""
"4171","0","Train me.",""
"4184","0","Train me.",""
"4186","0","Train me.",""
"4208","0","Train me.",""
"4211","0","Train me.",""
"4241","0","Train me.",""
"4244","0","Train me.",""
"4263","0","Train me.",""
"4356","0","Train me.",""
"4502","4","<Take the letter>",""
"4512","4","<Take the letter>",""
"4513","4","<Take the letter>",""
"4533","3","Show me what you have for sale.",""
"4540","4","<Take the letter>",""
"4541","4","<Take the letter>",""
"4542","4","<Take the letter>",""
"4561","4","<Take the letter>",""
"4562","4","<Take the letter>",""
"4566","3","Show me what you have for sale.",""
"4575","4","<Take the letter>",""
"4576","4","<Take the letter>",""
"4577","4","<Take the letter>",""
"4658","4","<Take the letter>",""
"4659","4","<Take the letter>",""
"4676","4","<Take the letter>",""
"4690","4","<Take the letter>",""
"4748","0","Train me.",""
"4763","4","Nozdormu is my answer.",""
"4781","1","Get Thorium Brotherhood Contract",\N
"4821","1","Show me what you have for sale.",""
"4842","0","Train me.",""
"4843","0","Train me.",""
"5061","4","<Take the letter>",""
"5123","0","Teach me the ways of the spirits.",""
"5602","0","Thank you, Ironbark. We are ready for you to open the door.",""
"5667","2","So, I found this shackle key...",""
"5667","3","Why should I bother fixing the trap? Why not just eliminate the guard the old fashioned way?",""
"5668","0","I guess so!",""
"5703","0","<Pass the Binding of the Windseeker>.",""
"5721","0","What do you mean, buy?! I'm the king now... and it's good to be the king!",""
"5721","1","Show me what hooch you've got to sell, Kreeg.",""
"5779","0","What must be done?",""
"5780","0","The Firelord and all who dare stand in my way shall reel from my wrath.",""
"5781","0","I shall scour the earth for this Earthshaper. What of the essence?",""
"5783","0","Give me the vessel, Highlord.",""
"5849","2","Show me what you have for sale.",""
"6001","0","<Place my hand on the orb.>",""
"6092","0","This Dimensional Imploder sounds dangerous! How can I make one?",""
"6094","0","I must build a beacon for this marvelous device!",""
"6470","0","I would like to go to the battleground.",""
"6470","1","Show me what you have for sale.",""
"6529","0","Baristolth, I have lost my badge and require a replacement.",""
"6539","1","I've lost my Signet for Path of the Conqueror.",""
"6539","2","I've lost my Signet for Path of the Conqueror.",""
"6539","3","I've lost my Signet for Path of the Conqueror.",""
"6539","4","I've lost my Signet for Path of the Conqueror.",""
"6539","5","I've lost my Signet for Path of the Invoker.",""
"6539","6","I've lost my Signet for Path of the Invoker.",""
"6539","7","I've lost my Signet for Path of the Invoker.",""
"6539","8","I've lost my Signet for Path of the Invoker.",""
"6539","9","I've lost my Signet for Path of the Protector.",""
"6539","10","I've lost my Signet for Path of the Protector.",""
"6539","11","I've lost my Signet for Path of the Protector.",""
"6539","12","I've lost my Signet for Path of the Protector.",""
"6539","13","I've lost my Signet for Path of the Conqueror.",""
"6539","14","I've lost my Signet for Path of the Invoker.",""
"6539","15","I've lost my Signet for Path of the Protector.",""
"6539","16","I am ready, Anachronos. Please grant me the Scepter of the Shifting Sands.",""
"6650","4","<Take the letter>",""
"6799","0","<Copy the pattern into my journal.>",""
"6815","4","Where is Elder Darkhorn?",""
"6899","2","Where is Elder Wheathoof?",""
"7048","0","Let me see your goods",""
"7048","1","Let's find out.",""
"7164","0","What's happening?",""
"7164","1","What can I do?",""
"7164","2","Where are we battling the Scourge?",""
"7164","3","How many battles have we won?",""
"7165","0","I would like to spend my runes.",""
"7166","0","Use 8 necrotic runes and disrupt his ritual.",""
"7175","0","I am diseased. Please cure me, medic.",\N
"7193","0","I have another question.",""
"7199","0","Where else are we battling the Scourge?",""
"7199","1","I have another question.",""
"7200","0","Where else are we battling the Scourge?",""
"7200","1","I have another question.",""
"7201","0","Where else are we battling the Scourge?",""
"7201","1","I have another question.",""
"7202","0","Where else are we battling the Scourge?",""
"7202","1","I have another question.",""
"7203","0","I have another question.",""
"7230","0","Give me one of your magic items.",""
"7231","0","Give me one of your magic items.",""
"7232","0","Give me one of your magic items.",""
"7246","0","I have another question.",""
"7254","0","Is Azshara currently under attack?",""
"7254","1","Are the Blasted Lands currently under attack?",""
"7254","2","Are the Burning Steppes currently under attack?",""
"7254","3","Are the Eastern Plaguelands currently under attack?",""
"7254","4","Is Tanaris currently under attack?",""
"7254","5","Is Winterspring currently under attack?",""
"7254","6","I have another question.",""
"7266","0","Where else are we battling the Scourge?",""
"7266","1","I have another question.",""
"7267","0","Where else are we battling the Scourge?",""
"7267","1","I have another question.",""
"7268","0","But his son is dead.",""
"7269","0","You tell an incredible tale, Fairbanks. What of the blade? Is it beyond redemption?",""
"7270","0","And you did...",""
"7271","0","You were right, Fairbanks. That is tragic.",""
"7272","0","You mean...",""
"7273","0","Continue please, Fairbanks.",""
"7274","0","And did he?",""
"7275","0","Yet? Yet what??",""
"7276","0","A thousand? For one man?",""
"7277","0","How do you know all of this?",""
"7278","0","You mean...",""
"7279","0","Incredible story. So how did he die?",""
"7280","0","I still do not fully understand.",""
"7281","0","What do you mean?",""
"7282","0","Mograine?",""
"7283","0","Curse? What's going ON here, Fairbanks?",""
"7421","0","I'm not an actor.",\N
"7422","0","Ok, I'll give it a try, then.",\N
"7455","0","Train me.",""
"7459","0","Train me.",""
"7486","0","Take Blood Knight Insignia",""
"7512","0","Train me.",""
"7520","1","Naturalist, please grant me your boon.",""
"7552","32918","My companions and I are with you, Lady Proudmoore.",""
"7552","32919","We are ready for whatever Archimonde might send our way, Lady Proudmoore.",""
"7552","32920","Until we meet again, Lady Proudmoore.",""
"7559","0","Grant me your mark, wise ancient.",""
"7560","0","Grant me your mark, mighty ancient.",""
"7581","35377","We have nothing to fear.",""
"7581","35378","I am with you, Thrall.",""
"7581","35379","Until we meet again, Thrall.",""
"7633","0","The auction house",""
"7633","3","The guild master",""
"7633","5","The mailbox",""
"7633","7","The weapon master",""
"7706","34158","I would be grateful for any aid you can provide, Priestess.",""
"7722","2","Give me the flag!",""
"7724","2","Give me the flag!",""
"7777","0","The auction house",""
"7777","3","The guild master",""
"7777","5","The mailbox",""
"7777","7","The weapon master",""
"7809","0","Train me.",""
"7815","0","Train me.",""
"7815","1","Let me browse your goods.",""
"7820","0","Train me.",""
"7820","1","Let me browse your goods.",""
"7833","0","Train me.",""
"7853","0","We're ready, Thrall.",""
"8117","0","I'm ready, Adyen.",""
"8129","2","The guild master",""
"8185","1","The guild master",""
"8228","0","I am that fleshling, Saeed. Let's go!",""
"8228","1","I am ready. Let's make history!",""
"8234","0","I seem to have misplaced my ring.",""
"8234","1","I seem to have misplaced my ring.",""
"8234","2","I seem to have misplaced my ring.",""
"8234","3","I seem to have misplaced my ring.",""
"8282","4","The mailbox",""
"8282","6","The battlemaster",""
"8304","5","I want to fly to an old location!",""
"8306","0","I must build a beacon for this marvelous device!",""
"8308","0","This Dimensional Imploder sounds dangerous! How can I make one?",""
"8357","4","The mailbox",""
"8357","6","The battlemaster",""
"8419","4","The mailbox",""
"8419","6","The battlemaster",""
"8441","0","I've lost my Violet Signet of the Master Assassin.",""
"8441","1","I've lost my Violet Signet of the Archmage.",""
"8441","2","I've lost my Violet Signet of the Great Protector.",""
"8441","3","I've lost my Violet Signet of the Grand Restorer.",""
"8455","0","Send me back to the Jagged Ridge.",""
"8455","4","Send me back to Raven's Wood.",""
"8460","0","Train me.",""
"8522","0","Train me.",""
"8615","0","I've lost my Whistle.",""
"8718","1","Yes, I'd love a ride to Blackwind Landing.",""
"8719","1","Absolutely!  Send me to the Skyguard Outpost.",""
"8725","1","Start the ritual.",""
"8730","0","Show me what you have for sale.",""
"8760","0","Train me.",""
"8760","1","Let me browse your goods.",""
"8786","0","Where is the zeppelin to Orgrimmar right now?",""
"8786","1","Where is the zeppelin to Grom'gol right now?",""
"8863","0","Train me.",""
"8934","4","Do you still need some help shipping kegs from Kharanos?",""
"8973","0","Im ready to work for you today!  Give me that ram!",\N
"8976","4","Do you still need some help moving kegs from the crash site near Razor Hill?",""
"9025","4","Dark Iron Dwarf Attacks",\N
"9046","0","What news of the fight to take the Sun's Reach Armory?",""
"9046","1","How close are we to the completion of the anvil and forge at the Sun's Reach Armory?",""
"9046","2","Exarch, have we taken the Sun's Reach Harbor yet?",""
"9046","3","Nasuun, do you know how long until we have an alchemy lab at the Sun's Reach Harbor?",""
"9084","0","Train me.",""
"9131","0","Train me.",""
"9132","0","Train me.",""
"9182","0","Thank you for telling me your story.",""
"9251","0","Lay your hand on the Ice Stone.",""
"9254","0","Lay your hand on the Ice Stone.",""
"9255","0","Lay your hand on the Ice Stone.",""
"9286","3","With Kalecgos freed, can you provide a teleport up to Apex Point?",""
"9286","4","Now that Lady Sacrolsash and Grand Warlock Alythess have been defeated, can you teleport me to the Witch's Sanctum.",""
"9286","5","We've cleared the way to Kil'jaeden! Can you transport me close to the Sunwell?",""
"9295","0","You're not alone here?",""
"9296","0","What would Kil'jaeden want with a mortal woman?",""
"9429","1","I'll show you!  Give me that practice parachute!",\N
"9434","0","This brings Frostwyrm to the ground and put an end to her.",""
"9517","0","I would like to enter the secret code to receive my Competitor's Souvenir.",\N
"9666","0","But I drove my mole machine all the way down here...",""
"9667","0","I'm ready.",""
"9762","0","Koltira, let's get out of here!",\N
"9832","11","I've lost my Arathor Battle Tabard.",""
"9832","12","I've lost my Battle Tabard of the Defilers.",""
"9854","1","I've lost my Brann's Communicator",""
"9929","1","I've lost my Brann's Communicator",""
"9997","1","I'm not fighting, so send me in now!",""
"10043","1","The auction house",""
"10043","7","The guild master",""
"10043","10","The mailbox",""
"10119","1","Give me a bomber!",""
"10173","2","Emblem Gear",""
"10189","0","Lady Proudmoore, I am ready to go to Orgrimmar. Please open a portal.",""
"10192","0","Oh great Queen of the Dragons, I have somehow misplaced my Key to the Focusing Iris. Can you find it for me?",""
"10192","1","Oh great Queen of the Dragons, I have somehow misplaced my Heroic Key to the Focusing Iris. Can you find it for me?",""
"10210","1","I want to browse your goods.",""
"10248","0","How do I earn a Competitor's Tabard?",\N
"10248","1","How can I gain the favor of a Spirit of Competition?",\N
"10265","0","The auction house",""
"10265","3","The guild master",""
"10265","5","The mailbox",""
"10265","8","The battlemaster",""
"10311","0","I want to browse your goods",""
"10363","0","Train me.",""
"10363","1","Let me browse your goods.",""
"10416","0","I want to browse your goods.",""
"10437","0","I seek training in Fishing.",""
"10437","1","I would like to buy from you.",""
"10568","0","Train me.",""
"10769","0","The auction house",""
"10769","4","The battlemaster",""
"10769","5","The guild master",""
"10769","8","The mailbox",""
"10769","10","The weapon master",""
"10769","11","The zeppelin master",""
"10995","0","It won't.","A contribution is required."
"10995","1","It won't.","A contribution is required."
"10995","2","It won't.","A contribution is required."
"10995","3","It won't.","A contribution is required."
"10995","4","It won't.","A contribution is required."
"10995","5","It won't.","A contribution is required."
"10995","6","It won't.","A contribution is required."
"10995","7","It won't.","A contribution is required."
"10995","8","It won't.","A contribution is required."
"10995","9","It won't.","A contribution is required."
"10995","10","It won't.","A contribution is required."
"10995","11","It won't.","A contribution is required."
"10995","12","It won't.","A contribution is required."
"10995","13","It won't.","A contribution is required."
"10995","14","It won't.","A contribution is required."
"10995","15","It won't.","A contribution is required."
"10995","16","It won't.","A contribution is required."
"10995","17","It won't.","A contribution is required."
"10995","18","It won't.","A contribution is required."
"10995","19","It won't.","A contribution is required."
"10996","6","I appear to have lost my ring.",""
"11095","0","I want to browse your goods",""
"11097","0","I want to browse your goods",""
"11098","0","I want to browse your goods",""
"11099","0","I want to browse your goods",""
"11100","0","I want to browse your goods",""
"11102","0","I want to browse your goods",""
"11103","0","I want to browse your goods",""
"21222","0","Train me.",""
"21249","0","Shake Hands",\N
"21263","3","I seem to have misplaced my Hero's Brand. Can you help?",""
"21263","4","I seem to have misplaced my Heathen's Brand. Can you help?",""
"21263","5","I seem to have misplaced my Heathen's Brand. Can you help?",""
"21263","6","I seem to have misplaced my Heathen's Brand. Can you help?",""
"21264","3","I seem to have misplaced my Rage of Mugamba. Can you help?",""
"21264","4","I seem to have misplaced my Strength of Mugamba. Can you help?",""
"21264","5","I seem to have misplaced my Strength of Mugamba. Can you help?",""
"21264","6","I seem to have misplaced my Strength of Mugamba. Can you help?",""
"21265","3","I seem to have misplaced my All-Seeing Eye of Zuldazar. Can you help?",""
"21265","4","I seem to have misplaced my Eye of Zuldazar. Can you help?",""
"21265","5","I seem to have misplaced my Eye of Zuldazar. Can you help?",""
"21265","6","I seem to have misplaced my Eye of Zuldazar. Can you help?",""
"21266","3","I seem to have misplaced my Kezan's Unstoppable Taint. Can you help?",""
"21266","4","I seem to have misplaced my Kezan's Taint. Can you help?",""
"21266","5","I seem to have misplaced my Kezan's Taint. Can you help?",""
"21266","6","I seem to have misplaced my Kezan's Taint. Can you help?",""
"21267","3","I seem to have misplaced my Jewel of Kajaro. Can you help?",""
"21267","4","I seem to have misplaced my Pebble of Kajaro. Can you help?",""
"21267","5","I seem to have misplaced my Pebble of Kajaro. Can you help?",""
"21267","6","I seem to have misplaced my Pebble of Kajaro. Can you help?",""
"21268","3","I seem to have misplaced my Unmarred Vision of Voodress. Can you help?",""
"21268","4","I seem to have misplaced my Vision of Voodress. Can you help?",""
"21268","5","I seem to have misplaced my Vision of Voodress. Can you help?",""
"21268","6","I seem to have misplaced my Vision of Voodress. Can you help?",""
"21269","3","I seem to have misplaced my Pristine Enchanted South Seas Kelp. Can you help?",""
"21269","4","I seem to have misplaced my Enchanted South Seas Kelp. Can you help?",""
"21269","5","I seem to have misplaced my Enchanted South Seas Kelp. Can you help?",""
"21269","6","I seem to have misplaced my Enchanted South Seas Kelp. Can you help?",""
"21270","3","I seem to have misplaced my Zandalarian Shadow Mastery Talisman. Can you help?",""
"21270","4","I seem to have misplaced my Zandalarian Shadow Talisman. Can you help?",""
"21270","5","I seem to have misplaced my Zandalarian Shadow Talisman. Can you help?",""
"21270","6","I seem to have misplaced my Zandalarian Shadow Talisman. Can you help?",""
"21271","3","I seem to have misplaced my Maelstrom's Wrath. Can you help?",""
"21271","4","I seem to have misplaced my Maelstrom's Tendril. Can you help?",""
"21271","5","I seem to have misplaced my Maelstrom's Tendril. Can you help?",""
"21271","6","I seem to have misplaced my Maelstrom's Tendril. Can you help?",""
"21893","0","Hand over the Southfury moonstone and I'll let you go.",""
"30005","0","I've lost Spectrecles.",""
"30005","1","I've lost Spectrecles.",""
"30008","1","I've lost my Kor'kron Flare Gun.",""
"30200","0","I need another Thorium Shackles.",""
"30201","0","Greetings, ancient one. I have done all that has been asked of me. I now ask that you grant me Rhok'delar.",""
"30201","1","Greetings, ancient one. I have done all that has been asked of me. I now ask that you grant me Lok'delar.",""
"30211","0","Show me where I can fly.",""
"30211","1","I Need a ride to Wintergarde keep.",""
"30212","0","The Eye led me here, Eris.",""
"30213","0","And I was suited to see this?",""
"30214","0","I really did not know what to expect, Eris. I will use my powers to assist you if that is what is asked of me.",""
"30215","0","Those days are over, Eris.",""
"30216","0","So what can I do to help?",""
"30228","0","I've lost my Left Piece of Lord Valthalak's Amulet.",""
"30228","1","I've lost my Top Piece of Lord Valthalak's Amulet.",""
"30228","2","I've lost my Right Piece of Lord Valthalak's Amulet.",""
"30230","0","I am ready, Oronok. Let us destroy Cyrukh and free the elements!",""
"30231","0","I'm with you, Thorim.",""
"30232","0","Give me a bomber!",""
"30233","0","I'm ready, Highlord.",""
"37523","0","I'm ready to enter the Sunwell.",""
"37552","0","Examine the remains.",""
"50000","1","Stormwind","Are you sure, that you want to go to Stormwind?"
"50000","2","Orgrimmar","Are you sure, that you want to go to Orgrimmar?"
"50000","3","Darnassus","Are you sure, that you want to go to Darnassus?"
"50000","4","Ironforge","Are you sure, that you want to go to Ironforge?"
"50000","5","Exodar","Are you sure, that you want to go to Exodar?"
"50000","6","Thunder bluff","Are you sure, that you want to go to Thunder bluff?"
"50000","7","Undercity","Are you sure, that you want to go to Undercity?"
"50000","8","Silvermoon city","Are you sure, that you want to go to Silvermoon city?"
"50000","9","Dalaran","Are you sure, that you want to go to Dalaran?"
"50000","10","Shattrath","Are you sure, that you want to go to Shattrath?"
"50000","11","Booty bay","Are you sure, that you want to go to Booty bay?"
"50000","12","Gurubashi arena","Are you sure, that you want to go to Arena?"
"50000","13","Eastern Kingdoms",\N
"50000","14","Kalimdor",\N
"50000","15","Outland",\N
"50000","16","Northrend",\N
"50000","17","Classic Dungeons",\N
"50000","18","BC Dungeons",\N
"50000","19","Wrath Dungeons",\N
"50000","20","Raid Teleports",\N
"50001","0","Gnomeregan","Are you sure, that you want to go to Gnomeregan?"
"50001","1","The Deadmines","Are you sure, that you want to go to The Deadmines?"
"50001","2","The Stockade","Are you sure, that you want to go to The Stockade?"
"50001","3","Ragefire Chasm","Are you sure, that you want to go to Ragefire Chasm?"
"50001","4","Razorfen Downs","Are you sure, that you want to go to Razorfen Downs?"
"50001","5","Razorfen Kraul","Are you sure, that you want to go to Razorfen Kraul?"
"50001","6","Scarlet Monastery","Are you sure, that you want to go to Scarlet Monastery?"
"50001","7","Shadowfang Keep","Are you sure, that you want to go to Shadowfang Keep?"
"50001","8","Wailing Caverns","Are you sure, that you want to go to Wailing Caverns?"
"50001","9","Blackfathom Deeps","Are you sure, that you want to go to Blackfathom Deeps?"
"50001","10","Blackrock Depths","Are you sure, that you want to go to Blackrock Depths?"
"50001","11","Blackrock Spire","Are you sure, that you want to go to Blackrock Spire?"
"50001","12","Dire Maul","Are you sure, that you want to go to Dire Maul?"
"50001","13","Maraudon","Are you sure, that you want to go to Maraudon?"
"50001","14","Scholomance","Are you sure, that you want to go to Scholomance?"
"50001","15","Stratholme","Are you sure, that you want to go to Stratholme?"
"50001","16","Sunken Temple","Are you sure, that you want to go to Sunken Temple?"
"50001","17","Uldaman","Are you sure, that you want to go to Uldaman?"
"50001","18","Zul'Farrak","Are you sure, that you want to go to Zul'Farrak?"
"50001","19","Back..",\N
"50002","0","Auchindoun","Are you sure, that you want to go to Auchindoun?"
"50002","1","Caverns of Time","Are you sure, that you want to go to Caverns of Time?"
"50002","2","Coilfang Reservoir","Are you sure, that you want to go to Coilfang Reservoir?"
"50002","3","Hellfire Citadel","Are you sure, that you want to go to Hellfire Citadel?"
"50002","4","Magisters' Terrace","Are you sure, that you want to go to Magisters' Terrace?"
"50002","5","Tempest Keep","Are you sure, that you want to go to Tempest Keep?"
"50002","6","Back..",\N
"50003","0","Azjol-Nerub","Are you sure, that you want to go to Azjol-Nerub?"
"50003","1","The Culling of Stratholme","Are you sure, that you want to go to The Culling of Stratholme?"
"50003","2","Trial of the Champion","Are you sure, that you want to go to Trial of the Champion?"
"50003","3","Drak'Tharon Keep","Are you sure, that you want to go to Drak'Tharon Keep?"
"50003","4","Gundrak","Are you sure, that you want to go to Gundrak?"
"50003","5","Icecrown Citadel Dungeons","Are you sure, that you want to go to Icecrown Citadel Dungeons?"
"50003","6","The Nexus Dungeons","Are you sure, that you want to go to The Nexus Dungeons?"
"50003","7","The Violet Hold","Are you sure, that you want to go to The Violet Hold?"
"50003","8","Halls of Lightning","Are you sure, that you want to go to Halls of Lightning?"
"50003","9","Halls of Stone","Are you sure, that you want to go to Halls of Stone?"
"50003","10","Utgarde Keep","Are you sure, that you want to go to Utgarde Keep?"
"50003","11","Utgarde Pinnacle","Are you sure, that you want to go to Utgarde Pinnacle?"
"50003","12","Back..",\N
"50004","0","Black Temple","Are you sure, that you want to go to Black Temple?"
"50004","1","Blackwing Lair","Are you sure, that you want to go to Blackwing Lair?"
"50004","2","Hyjal Summit","Are you sure, that you want to go to Hyjal Summit?"
"50004","3","Serpentshrine Cavern","Are you sure, that you want to go to Serpentshrine Cavern?"
"50004","4","Trial of the Crusader","Are you sure, that you want to go to Trial of the Crusader?"
"50004","5","Gruul's Lair","Are you sure, that you want to go to Gruul's Lair?"
"50004","6","Magtheridon's Lair","Are you sure, that you want to go to Magtheridon's Lair?"
"50004","7","Icecrown Citadel","Are you sure, that you want to go to Icecrown Citadel?"
"50004","8","Karazhan","Are you sure, that you want to go to Karazhan?"
"50004","9","Molten Core","Are you sure, that you want to go to Molten Core?"
"50004","10","Naxxramas","Are you sure, that you want to go to Naxxramas?"
"50004","11","Onyxia's Lair","Are you sure, that you want to go to Onyxia's Lair?"
"50004","12","Ruins of Ahn'Qiraj","Are you sure, that you want to go to Ruins of Ahn'Qiraj?"
"50004","13","Sunwell Plateau","Are you sure, that you want to go to Sunwell Plateau?"
"50004","14","The Eye","Are you sure, that you want to go to The Eye?"
"50004","15","Temple of Ahn'Qiraj","Are you sure, that you want to go to Temple of Ahn'Qiraj?"
"50004","16","The Eye of Eternity","Are you sure, that you want to go to The Eye of Eternity?"
"50004","17","The Obsidian Sanctum","Are you sure, that you want to go to The Obsidian Sanctum?"
"50004","18","Ulduar","Are you sure, that you want to go to Ulduar?"
"50004","19","Vault of Archavon","Are you sure, that you want to go to Vault of Archavon?"
"50004","21","Zul'Gurub","Are you sure, that you want to go to Zul'Gurub?"
"50004","22","Zul'Aman","Are you sure, that you want to go to Zul'Aman?"
"50004","23","Back..",\N
"50005","0","Elwynn Forest","Are you sure, that you want to go to Elwynn Forest?"
"50005","1","Eversong Woods","Are you sure, that you want to go to Eversong Woods?"
"50005","2","Dun Morogh","Are you sure, that you want to go to Dun Morogh?"
"50005","3","Tirisfal Glades","Are you sure, that you want to go to Tirisfal Glades?"
"50005","4","Ghostlands","Are you sure, that you want to go to Ghostlands?"
"50005","5","Loch modan","Are you sure, that you want to go to Loch modan?"
"50005","6","Silverpine Forest","Are you sure, that you want to go to Silverpine Forest?"
"50005","7","Westfall","Are you sure, that you want to go to Westfall?"
"50005","8","Redridge mountains","Are you sure, that you want to go to Redridge mountains?"
"50005","9","Duskwood","Are you sure, that you want to go to Duskwood?"
"50005","10","Hillsbrad Foothills","Are you sure, that you want to go to Hillsbrad Foothills?"
"50005","11","Wetlands","Are you sure, that you want to go to Wetlands?"
"50005","12","Alterac Mountains","Are you sure, that you want to go to Alterac Mountains?"
"50005","13","Arathi Highlands","Are you sure, that you want to go to Arathi Highlands?"
"50005","14","Stranglethorn Vale","Are you sure, that you want to go to Stranglethorn Vale?"
"50005","15","Badlands","Are you sure, that you want to go to Badlands?"
"50005","16","Swamp of Sorrows","Are you sure, that you want to go to Swamp of Sorrows?"
"50005","17","The Hinterlands","Are you sure, that you want to go to The Hinterlands?"
"50005","18","Searing Gorge","Are you sure, that you want to go to Searing Gorge?"
"50005","19","The Blasted Lands","Are you sure, that you want to go to The Blasted Lands?"
"50005","20","Burning Steppes","Are you sure, that you want to go to Burning Steppes?"
"50005","21","Western Plaguelands","Are you sure, that you want to go to Western Plaguelands?"
"50005","22","Eastern Plaguelands","Are you sure, that you want to go to Eastern Plaguelands?"
"50005","23","Isle of Quel'Danas","Are you sure, that you want to go to Isle of Quel'Danas?"
"50005","24","Back..",\N
"50006","0","Azuremyst Isle","Are you sure, that you want to go to Azuremyst Isle?"
"50006","1","Teldrassil","Are you sure, that you want to go to Teldrassil?"
"50006","2","Durotar","Are you sure, that you want to go to Durotar?"
"50006","3","Mulgore","Are you sure, that you want to go to Mulgore?"
"50006","4","Bloodmyst Isle","Are you sure, that you want to go to Bloodmyst Isle?"
"50006","5","Darkshore","Are you sure, that you want to go to Darkshore?"
"50006","6","The Barrens","Are you sure, that you want to go to The Barrens?"
"50006","7","Stonetalon Mountains","Are you sure, that you want to go to Stonetalon Mountains?"
"50006","8","Ashenvale Forest","Are you sure, that you want to go to Ashenvale Forest?"
"50006","9","Thousand Needles","Are you sure, that you want to go to Thousand Needles?"
"50006","10","Desolace","Are you sure, that you want to go to Desolace?"
"50006","11","Dustwallow Marsh","Are you sure, that you want to go to Dustwallow Marsh?"
"50006","12","Feralas","Are you sure, that you want to go to Feralas?"
"50006","13","Tanaris Desert","Are you sure, that you want to go to Tanaris Desert?"
"50006","14","Azshara","Are you sure, that you want to go to Azshara?"
"50006","15","Felwood","Are you sure, that you want to go to Felwood?"
"50006","16","Un'Goro Crater","Are you sure, that you want to go to Un'Goro Crater?"
"50006","17","Silithus","Are you sure, that you want to go to Silithus?"
"50006","18","Winterspring","Are you sure, that you want to go to Winterspring?"
"50006","19","Back..",\N
"50007","0","Hellfire Peninsula","Are you sure, that you want to go to Hellfire Peninsula?"
"50007","1","Zangarmarsh","Are you sure, that you want to go to Zangarmarsh?"
"50007","2","Terokkar Forest","Are you sure, that you want to go to Terokkar Forest?"
"50007","3","Nagrand","Are you sure, that you want to go to Nagrand?"
"50007","4","Blade's Edge Mountains","Are you sure, that you want to go to Blade's Edge Mountains?"
"50007","5","Netherstorm","Are you sure, that you want to go to Netherstorm?"
"50007","6","Shadowmoon Valley","Are you sure, that you want to go to Shadowmoon Valley?"
"50007","7","Back..",\N
"50008","0","Borean Tundra","Are you sure, that you want to go to Borean Tundra?"
"50008","1","Howling Fjord","Are you sure, that you want to go to Howling Fjord?"
"50008","2","Dragonblight","Are you sure, that you want to go to Dragonblight?"
"50008","3","Grizzly Hills","Are you sure, that you want to go to Grizzly Hills?"
"50008","4","Zul'Drak","Are you sure, that you want to go to Zul'Drak?"
"50008","5","Sholazar Basin","Are you sure, that you want to go to Sholazar Basin?"
"50008","6","Crystalsong Forest","Are you sure, that you want to go to Crystalsong Forest?"
"50008","7","Storm Peaks","Are you sure, that you want to go to Storm Peaks?"
"50008","8","Icecrown","Are you sure, that you want to go to Icecrown?"
"50008","9","Wintergrasp","Are you sure, that you want to go to Wintergrasp?"
"50008","10","Back..",\N
"51000","0","I have something else to ask you about.",""
"51001","0","I have something else to ask you about.",""
"51002","0","I have something else to ask you about.",""
"51003","0","I have something else to ask you about.",""
"61021","0","I'm ready, Adyen",\N
"61025","0","Train me.",""
